Name,Email,Contact,Marks,Category,predicted_low_rank,predicted_high_rank,eligible_colleges,name,email,contact,marks,category,resolved_category
sarthak,sarthak@mail.com,9309793875,650.0,GENERAL,501,2,,,,,,,
sarthak,sarthak@mail.com,9309793875,567.0,GENERAL,20,35,,,,,,,
sarthak,sarthak@mail.com,9309793875,567.0,GENERAL,20001,35000,,,,,,,
sarthak,sarthak@mail.com,9309793875,650.0,GENERAL,501,2000,"NRI Medical College, Guntur, Narayana Medical College, Nellore, Great Eastern Medical School,Srikakulam, PES IMS, Kuppam, Alluri Sitaram Raju, Eluru, Dr PSI Medical College, Chinoutpalli, Katuri Medical College, Guntur, GSL Medical College, Rajahmundry, Apollo IMS&R, Chittoor, VMC, Kurnool, Konaseema IMS, Amalapuram, Maharajah IMS, Vizianagaram, NRI Inst of Medical Sciences, Vizag, GVP Medical College, Vizag, Santhiram Medical College, Nandyal, Sri Balaji Medical College, Chittoor, Narayan Medical College, Sasaram, Lord Buddha Koshi Med, Saharsa, Himalaya Medical Collegeege& Hospital, Patna, RDJM Medical Coll, Muzaffarpur, Netaji Subhas Medical College, Bihta, Adani Institute, Bhuj, GCS Medical College, Ahmedabad, Pramukhswami Medical College, Karmsad, CU Shah, Surendra Nagar, Shantabaa Medical Coll, Amreli, SAL Inst of Medical Sciences, Ahmedabad, Banas Medical Collegeege& RI, Palanpur, Dr KiranCPatel MedicalCol,Bharuch, Dr MK Shah Medical College, Ahmedabad, Zydus Medical Collegeege& Hospital, Dahod, Ananya Collegeof Medical& Research",,,,,,
sarthak,sarthak@mail.com,9309793875,650.0,OBC,,,,,,,,,
sarthak,sarthak@mail.com,9309793875,555.0,OBC,5001,10000,,,,,,,
sarthak,sarthak@mail.com,9309793875,570.0,OBC,2001,5000,,,,,,,
sarthak,sarthak@mail.com,9309793875,666.0,OBC,,,,,,,,,
sarthak,sarthak@mail.com,9309793875,650.0,OBC,,,,,,,,,
sarthak,sarthak@mail.com,9309793875,650.0,EWS,1,100,,,,,,,
sarthak,sarthak@mail.com,9309793875,650.0,OBC-NCL,,,,,,,,,
sarthak,sarthak@mail.com,9309793875,650.0,SC,,,,,,,,,
sarthak,sarthak@mail.com,9309793875,650.0,GENERAL,501,2000,"NRI Medical College, Guntur, Narayana Medical College, Nellore, Great Eastern Medical School,Srikakulam, PES IMS, Kuppam, Alluri Sitaram Raju, Eluru, Dr PSI Medical College, Chinoutpalli, Katuri Medical College, Guntur, GSL Medical College, Rajahmundry, Apollo IMS&R, Chittoor, VMC, Kurnool, Konaseema IMS, Amalapuram, Maharajah IMS, Vizianagaram, NRI Inst of Medical Sciences, Vizag, GVP Medical College, Vizag, Santhiram Medical College, Nandyal, Sri Balaji Medical College, Chittoor, Narayan Medical College, Sasaram, Lord Buddha Koshi Med, Saharsa, Himalaya Medical Collegeege& Hospital, Patna, RDJM Medical Coll, Muzaffarpur, Netaji Subhas Medical College, Bihta, Adani Institute, Bhuj, GCS Medical College, Ahmedabad, Pramukhswami Medical College, Karmsad, CU Shah, Surendra Nagar, Shantabaa Medical Coll, Amreli, SAL Inst of Medical Sciences, Ahmedabad, Banas Medical Collegeege& RI, Palanpur, Dr KiranCPatel MedicalCol,Bharuch, Dr MK Shah Medical College, Ahmedabad, Zydus Medical Collegeege& Hospital, Dahod, Ananya Collegeof Medical& Research",,,,,,
sarthak,sarthak@mail.com,9309793875,555.0,GENERAL,20001,35000,,,,,,,
sarthak,sarthak@mail.com,9309793875,543.0,GENERAL,20001,35000,,,,,,,
sarthak,sarthak@mail.com,9309793875,520.0,GENERAL,35001,60000,,,,,,,
sarthak,sarthak@mail.com,9309793875,604.0,OBC,101,500,,,,,,,
,,,,,20001,35000,,test2,test@@yopmail.com,1231231231,555.0,SC,sc
,,,,,20001,35000,,test2,test@@yopmail.com,1231231231,555,ST,st
,,,,,20001,35000,,test2,test@@yopmail.com,1231231231,555,NRI,ur
,,,,,20001,35000,,test2,test@@yopmail.com,1231231231,555,NRI,ur
,,,,,20001,35000,,test2,test@@yopmail.com,1231231231,555,Open,ur
,,,,,20001,35000,,test2,test@@yopmail.com,1231231231,555,Open,ur
,,,,,20001,35000,,test2,test@@yopmail.com,1231231231,555,Open,ur
,,,,,20001,35000,,test2,test@@yopmail.com,1231231231,555,Open,ur
,,,,,10001,20000,,test2,test@@yopmail.com,1231231231,570,Open,ur
,,,,,10001,20000,,test2,test@@yopmail.com,1231231231,570,Open,ur
,,,,,10001,20000,,test2,test@@yopmail.com,1231231231,570,Open,ur
,,,,,150001,inf,,test2,test@@yopmail.com,1231231231,234,Open,ur
,,,,,5001,10000,,test2,test@@yopmail.com,1231231231,600,Open,ur
,,,,,5001,10000,,test2,test@@yopmail.com,1231231231,600,OBC,obc
,,,,,20001,35000,,asdfasd,asdfasd@yopmail.com,9871239871,555,ST,st
,,,,,501,1000,,asdfasd,asdfasd@yopmail.com,9871239871,655,ST,st
,,,,,501,1000,,asdfasd,asdfasd@yopmail.com,9871239871,655,Open,ur
,,,,,5001,10000,,asdfasdf,asdfasdf@mail.com,7892138762,600,OBC,obc
,,,,,5001,10000,"Zydus Medical Collegeege& Hospital, Dahod;Narayan Medical College, Sasaram;Kasturba Medical College, Manipal;Kasturba Medical College, Manipal;Kasturba Medical College, Manipal;Kasturba Medical College, Mangalore;Kasturba Medical College, Manipal;Kasturba Medical College, Manipal;Kasturba Medical College, Manipal;Kasturba Medical College, Manipal;Kasturba Medical College, Manipal;Kasturba Medical College, Manipal;Kasturba Medical College, Mangalore;Kasturba Medical College, Manipal;Kasturba Medical College, Manipal;Kasturba Medical College, Manipal;Kasturba Medical College, Manipal;Kasturba Medical College, Manipal;Kasturba Medical College, Manipal;Kasturba Medical College, Manipal;Kasturba Medical College, Mangalore;Kasturba Medical College, Manipal;Kasturba Medical College, Manipal;SRIMSR, Naya Raipur;Raipur IMS, Raipur;Himalaya Medical Collegeege& Hospital, Patna;Madhubani Medical College, Madhubani;Shree Narayan MedicalInst,Saharsa;RDJM Medical Coll, Muzaffarpur;Netaji Subhas Medical College, Bihta;Lord Buddha Koshi Med, Saharsa;Kasturba Medical College, Manipal;Kasturba Medical College, Manipal",test,test@test.com,9781237891,600,OBC,obc
,,,,,5001,10000,"Zydus Medical Collegeege& Hospital, Dahod;Narayan Medical College, Sasaram;Kasturba Medical College, Manipal;Kasturba Medical College, Manipal;Kasturba Medical College, Manipal;Kasturba Medical College, Mangalore;Kasturba Medical College, Manipal;Kasturba Medical College, Manipal;Kasturba Medical College, Manipal;Kasturba Medical College, Manipal;Kasturba Medical College, Manipal;Kasturba Medical College, Manipal;Kasturba Medical College, Mangalore;Kasturba Medical College, Manipal;Kasturba Medical College, Manipal;Kasturba Medical College, Manipal;Kasturba Medical College, Manipal;Kasturba Medical College, Manipal;Kasturba Medical College, Manipal;Kasturba Medical College, Manipal;Kasturba Medical College, Mangalore;Kasturba Medical College, Manipal;Kasturba Medical College, Manipal;SRIMSR, Naya Raipur;Raipur IMS, Raipur;Himalaya Medical Collegeege& Hospital, Patna;Madhubani Medical College, Madhubani;Shree Narayan MedicalInst,Saharsa;RDJM Medical Coll, Muzaffarpur;Netaji Subhas Medical College, Bihta;Lord Buddha Koshi Med, Saharsa;Kasturba Medical College, Manipal;Kasturba Medical College, Manipal",test,test@test.com,9781237891,600,OBC,obc
,,,,,5001,10000,"Shri Balaji Inst of MS, Raipur",test,test@test.com,9781237891,600,ST,st
,,,,,5001,10000,"Zydus Medical Collegeege& Hospital, Dahod;Narayan Medical College, Sasaram;Kasturba Medical College, Manipal;Kasturba Medical College, Manipal;Kasturba Medical College, Manipal;Kasturba Medical College, Mangalore;Kasturba Medical College, Manipal;Kasturba Medical College, Manipal;Kasturba Medical College, Manipal;Kasturba Medical College, Manipal;Kasturba Medical College, Manipal;Kasturba Medical College, Manipal;Kasturba Medical College, Mangalore;Kasturba Medical College, Manipal;Kasturba Medical College, Manipal;Kasturba Medical College, Manipal;Kasturba Medical College, Manipal;Kasturba Medical College, Manipal;Kasturba Medical College, Manipal;Kasturba Medical College, Manipal;Kasturba Medical College, Mangalore;Kasturba Medical College, Manipal;Kasturba Medical College, Manipal;SRIMSR, Naya Raipur;Raipur IMS, Raipur;Himalaya Medical Collegeege& Hospital, Patna;Madhubani Medical College, Madhubani;Shree Narayan MedicalInst,Saharsa;RDJM Medical Coll, Muzaffarpur;Netaji Subhas Medical College, Bihta;Lord Buddha Koshi Med, Saharsa;Kasturba Medical College, Manipal;Kasturba Medical College, Manipal",test,test@test.com,9781237891,600,NRI,ur
,,,,,5001,10000,"Zydus Medical Collegeege& Hospital, Dahod;Narayan Medical College, Sasaram;Kasturba Medical College, Manipal;Kasturba Medical College, Manipal;Kasturba Medical College, Manipal;Kasturba Medical College, Mangalore;Kasturba Medical College, Manipal;Kasturba Medical College, Manipal;Kasturba Medical College, Manipal;Kasturba Medical College, Manipal;Kasturba Medical College, Manipal;Kasturba Medical College, Manipal;Kasturba Medical College, Mangalore;Kasturba Medical College, Manipal;Kasturba Medical College, Manipal;Kasturba Medical College, Manipal;Kasturba Medical College, Manipal;Kasturba Medical College, Manipal;Kasturba Medical College, Manipal;Kasturba Medical College, Manipal;Kasturba Medical College, Mangalore;Kasturba Medical College, Manipal;Kasturba Medical College, Manipal;SRIMSR, Naya Raipur;Raipur IMS, Raipur;Himalaya Medical Collegeege& Hospital, Patna;Madhubani Medical College, Madhubani;Shree Narayan MedicalInst,Saharsa;RDJM Medical Coll, Muzaffarpur;Netaji Subhas Medical College, Bihta;Lord Buddha Koshi Med, Saharsa;Kasturba Medical College, Manipal;Kasturba Medical College, Manipal",test,test@test.com,9781237891,600,Open,ur
,,,,,5001,10000,"Zydus Medical Collegeege& Hospital, Dahod;Narayan Medical College, Sasaram;Kasturba Medical College, Manipal;Kasturba Medical College, Manipal;Kasturba Medical College, Manipal;Kasturba Medical College, Mangalore;Kasturba Medical College, Manipal;Kasturba Medical College, Manipal;Kasturba Medical College, Manipal;Kasturba Medical College, Manipal;Kasturba Medical College, Manipal;Kasturba Medical College, Manipal;Kasturba Medical College, Mangalore;Kasturba Medical College, Manipal;Kasturba Medical College, Manipal;Kasturba Medical College, Manipal;Kasturba Medical College, Manipal;Kasturba Medical College, Manipal;Kasturba Medical College, Manipal;Kasturba Medical College, Manipal;Kasturba Medical College, Mangalore;Kasturba Medical College, Manipal;Kasturba Medical College, Manipal;SRIMSR, Naya Raipur;Raipur IMS, Raipur;Himalaya Medical Collegeege& Hospital, Patna;Madhubani Medical College, Madhubani;Shree Narayan MedicalInst,Saharsa;RDJM Medical Coll, Muzaffarpur;Netaji Subhas Medical College, Bihta;Lord Buddha Koshi Med, Saharsa;Kasturba Medical College, Manipal;Kasturba Medical College, Manipal",test,test@test.com,9781237891,600,Open,ur
,,,,,5001,10000,"Zydus Medical Collegeege& Hospital, Dahod;Narayan Medical College, Sasaram;Kasturba Medical College, Manipal;Kasturba Medical College, Manipal;Kasturba Medical College, Manipal;Kasturba Medical College, Mangalore;Kasturba Medical College, Manipal;Kasturba Medical College, Manipal;Kasturba Medical College, Manipal;Kasturba Medical College, Manipal;Kasturba Medical College, Manipal;Kasturba Medical College, Manipal;Kasturba Medical College, Mangalore;Kasturba Medical College, Manipal;Kasturba Medical College, Manipal;Kasturba Medical College, Manipal;Kasturba Medical College, Manipal;Kasturba Medical College, Manipal;Kasturba Medical College, Manipal;Kasturba Medical College, Manipal;Kasturba Medical College, Mangalore;Kasturba Medical College, Manipal;Kasturba Medical College, Manipal;SRIMSR, Naya Raipur;Raipur IMS, Raipur;Himalaya Medical Collegeege& Hospital, Patna;Madhubani Medical College, Madhubani;Shree Narayan MedicalInst,Saharsa;RDJM Medical Coll, Muzaffarpur;Netaji Subhas Medical College, Bihta;Lord Buddha Koshi Med, Saharsa;Kasturba Medical College, Manipal;Kasturba Medical College, Manipal",test,test@test.com,9781237891,600,OBC,obc
,,,,,5001,10000,"Zydus Medical Collegeege& Hospital, Dahod;Narayan Medical College, Sasaram;Kasturba Medical College, Manipal;Kasturba Medical College, Manipal;Kasturba Medical College, Manipal;Kasturba Medical College, Mangalore;Kasturba Medical College, Manipal;Kasturba Medical College, Manipal;Kasturba Medical College, Manipal;Kasturba Medical College, Manipal;Kasturba Medical College, Manipal;Kasturba Medical College, Manipal;Kasturba Medical College, Mangalore;Kasturba Medical College, Manipal;Kasturba Medical College, Manipal;Kasturba Medical College, Manipal;Kasturba Medical College, Manipal;Kasturba Medical College, Manipal;Kasturba Medical College, Manipal;Kasturba Medical College, Manipal;Kasturba Medical College, Mangalore;Kasturba Medical College, Manipal;Kasturba Medical College, Manipal;SRIMSR, Naya Raipur;Raipur IMS, Raipur;Himalaya Medical Collegeege& Hospital, Patna;Madhubani Medical College, Madhubani;Shree Narayan MedicalInst,Saharsa;RDJM Medical Coll, Muzaffarpur;Netaji Subhas Medical College, Bihta;Lord Buddha Koshi Med, Saharsa;Kasturba Medical College, Manipal;Kasturba Medical College, Manipal",test,test@test.com,9781237891,600,UR,ur
,,,,,5001,10000,"Shri Balaji Inst of MS, Raipur",aman sheth,sheth@budhwarpeth.com,5678904321,600,ST,st
,,,,,5001,10000,"Zydus Medical Collegeege& Hospital, Dahod;Narayan Medical College, Sasaram;Kasturba Medical College, Manipal;Kasturba Medical College, Manipal;Kasturba Medical College, Manipal;Kasturba Medical College, Mangalore;Kasturba Medical College, Manipal;Kasturba Medical College, Manipal;Kasturba Medical College, Manipal;Kasturba Medical College, Manipal;Kasturba Medical College, Manipal;Kasturba Medical College, Manipal;Kasturba Medical College, Mangalore;Kasturba Medical College, Manipal;Kasturba Medical College, Manipal;Kasturba Medical College, Manipal;Kasturba Medical College, Manipal;Kasturba Medical College, Manipal;Kasturba Medical College, Manipal;Kasturba Medical College, Manipal;Kasturba Medical College, Mangalore;Kasturba Medical College, Manipal;Kasturba Medical College, Manipal;SRIMSR, Naya Raipur;Raipur IMS, Raipur;Himalaya Medical Collegeege& Hospital, Patna;Madhubani Medical College, Madhubani;Shree Narayan MedicalInst,Saharsa;RDJM Medical Coll, Muzaffarpur;Netaji Subhas Medical College, Bihta;Lord Buddha Koshi Med, Saharsa;Kasturba Medical College, Manipal;Kasturba Medical College, Manipal",aman sheth,sheth@budhwarpeth.com,5678904321,600,UR,ur
,,,,,5001,10000,"Zydus Medical Collegeege& Hospital, Dahod;Narayan Medical College, Sasaram;Kasturba Medical College, Manipal;Kasturba Medical College, Manipal;Kasturba Medical College, Manipal;Kasturba Medical College, Mangalore;Kasturba Medical College, Manipal;Kasturba Medical College, Manipal;Kasturba Medical College, Manipal;Kasturba Medical College, Manipal;Kasturba Medical College, Manipal;Kasturba Medical College, Manipal;Kasturba Medical College, Mangalore;Kasturba Medical College, Manipal;Kasturba Medical College, Manipal;Kasturba Medical College, Manipal;Kasturba Medical College, Manipal;Kasturba Medical College, Manipal;Kasturba Medical College, Manipal;Kasturba Medical College, Manipal;Kasturba Medical College, Mangalore;Kasturba Medical College, Manipal;Kasturba Medical College, Manipal;SRIMSR, Naya Raipur;Raipur IMS, Raipur;Himalaya Medical Collegeege& Hospital, Patna;Madhubani Medical College, Madhubani;Shree Narayan MedicalInst,Saharsa;RDJM Medical Coll, Muzaffarpur;Netaji Subhas Medical College, Bihta;Lord Buddha Koshi Med, Saharsa;Kasturba Medical College, Manipal;Kasturba Medical College, Manipal",aman sheth,sheth@budhwarpeth.com,5678904321,600,NRI,ur
,,,,,5001,10000,"Zydus Medical Collegeege& Hospital, Dahod;Narayan Medical College, Sasaram;Kasturba Medical College, Manipal;Kasturba Medical College, Manipal;Kasturba Medical College, Manipal;Kasturba Medical College, Mangalore;Kasturba Medical College, Manipal;Kasturba Medical College, Manipal;Kasturba Medical College, Manipal;Kasturba Medical College, Manipal;Kasturba Medical College, Manipal;Kasturba Medical College, Manipal;Kasturba Medical College, Mangalore;Kasturba Medical College, Manipal;Kasturba Medical College, Manipal;Kasturba Medical College, Manipal;Kasturba Medical College, Manipal;Kasturba Medical College, Manipal;Kasturba Medical College, Manipal;Kasturba Medical College, Manipal;Kasturba Medical College, Mangalore;Kasturba Medical College, Manipal;Kasturba Medical College, Manipal;SRIMSR, Naya Raipur;Raipur IMS, Raipur;Himalaya Medical Collegeege& Hospital, Patna;Madhubani Medical College, Madhubani;Shree Narayan MedicalInst,Saharsa;RDJM Medical Coll, Muzaffarpur;Netaji Subhas Medical College, Bihta;Lord Buddha Koshi Med, Saharsa;Kasturba Medical College, Manipal;Kasturba Medical College, Manipal",aman sheth,sheth@budhwarpeth.com,5678904321,600,Open,ur
